system:index,category,extremeMonths,meanNino,meanSST,onsetRate,peakMonth,peakSST,peakValue,strongMonths,year,.geo
0,El Nino,1,0.8317439564592811,27.82437782522177,0.7871566872947771,12.0,28.8624487935857,2.3196282647902713,3,1982.0,"{""type"":""MultiPoint"",""coordinates"":[]}"
1,Neutral,1,0.2747450796700139,27.26737681002552,-1.4942131849560696,1.0,28.70314140154464,2.115678971056362,2,1983.0,"{""type"":""MultiPoint"",""coordinates"":[]}"
2,La Nina,0,-0.6827856759436912,26.31037296006443,0.15314890238298118,2.0,27.254834532314298,-0.22162110619932432,0,1984.0,"{""type"":""MultiPoint"",""coordinates"":[]}"
3,La Nina,0,-0.7954415998180028,26.197621596675376,0.4590639078258001,11.0,26.782111559287724,-0.3640450355864989,0,1985.0,"{""type"":""MultiPoint"",""coordinates"":[]}"
4,Neutral,0,-0.006126182223843812,26.986510738289464,0.613134228086399,12.0,27.464440915173952,0.9216064707630136,0,1986.0,"{""type"":""MultiPoint"",""coordinates"":[]}"
5,El Nino,0,0.9474014786804429,27.940039354023487,-0.013954025736375941,9.0,28.424216545764583,1.3672635657733008,0,1987.0,"{""type"":""MultiPoint"",""coordinates"":[]}"
6,Strong La Nina,0,-1.013632097474446,25.97952458502155,-2.168114806208675,1.0,27.269399321235575,0.6224091945313176,0,1988.0,"{""type"":""MultiPoint"",""coordinates"":[]}"
7,La Nina,0,-0.837365180527605,26.15527358963378,1.5683096572226547,12.0,27.02050243439612,-0.11724237144644654,0,1989.0,"{""type"":""MultiPoint"",""coordinates"":[]}"
8,Neutral,0,0.06336478358734615,27.056003428326193,0.06584307667076107,12.0,27.91263682847096,0.3011440816737117,0,1990.0,"{""type"":""MultiPoint"",""coordinates"":[]}"
9,El Nino,0,0.5482282972063445,27.540868347756653,0.2773640002439811,12.0,28.1479659293664,1.6051468064877799,1,1991.0,"{""type"":""MultiPoint"",""coordinates"":[]}"
10,El Nino,0,0.5956528159089711,27.58881407274713,-1.070362332544017,1.0,28.812992789755405,1.6556215598029114,2,1992.0,"{""type"":""MultiPoint"",""coordinates"":[]}"
11,Neutral,0,0.2991253936555873,27.291764018663585,0.22131804156700913,5.0,28.52472739746555,0.7714804624436539,0,1993.0,"{""type"":""MultiPoint"",""coordinates"":[]}"
12,Neutral,0,0.39826013710149794,27.39089730522453,0.3448875686152535,12.0,27.992694287935603,1.250052915509319,0,1994.0,"{""type"":""MultiPoint"",""coordinates"":[]}"
13,Neutral,0,-0.18118597941562528,26.811448603243146,-0.8997464258872032,1.0,27.864811048024695,0.710048951046597,0,1995.0,"{""type"":""MultiPoint"",""coordinates"":[]}"
14,Neutral,0,-0.4499298233510219,26.5432265223974,0.5812274411273799,7.0,27.363050423979253,-0.21843607360533573,0,1996.0,"{""type"":""MultiPoint"",""coordinates"":[]}"
15,El Nino,3,0.9881713814071694,27.98080655504033,1.6663827667906537,11.0,28.939855220096927,2.3519120038387102,5,1997.0,"{""type"":""MultiPoint"",""coordinates"":[]}"
16,Neutral,1,-0.15031816432617967,26.84231898828968,-2.6152623838460527,1.0,28.595550513325627,2.008081906900691,2,1998.0,"{""type"":""MultiPoint"",""coordinates"":[]}"
17,Strong La Nina,0,-1.1214744092818973,25.871166847262515,0.7274571867009043,5.0,26.93743235672208,-0.8158064092782915,0,1999.0,"{""type"":""MultiPoint"",""coordinates"":[]}"
18,La Nina,0,-0.8737883935941725,26.119367132431034,1.3093712336424892,8.0,26.998081006504503,-0.4152201909629331,0,2000.0,"{""type"":""MultiPoint"",""coordinates"":[]}"
19,Neutral,0,-0.2979180846750504,26.694722454283323,0.8355636978756885,7.0,27.53809438762844,0.045366452857277195,0,2001.0,"{""type"":""MultiPoint"",""coordinates"":[]}"
20,El Nino,0,0.6069151000888215,27.599555900465493,1.0305722173949816,11.0,28.304995242244832,1.435803956748938,0,2002.0,"{""type"":""MultiPoint"",""coordinates"":[]}"
21,Neutral,0,0.2646372589184864,27.25728064752214,-1.0088502788040112,1.0,27.719268064983314,0.8388234595501229,0,2003.0,"{""type"":""MultiPoint"",""coordinates"":[]}"
22,Neutral,0,0.4015165340658058,27.394674200370307,0.013231759681771704,11.0,27.94160606636552,0.7999212682753208,0,2004.0,"{""type"":""MultiPoint"",""coordinates"":[]}"
23,Neutral,0,0.1035822907464945,27.096642245347656,-0.18531401667652686,1.0,28.087276665002367,0.563061870035755,0,2005.0,"{""type"":""MultiPoint"",""coordinates"":[]}"
24,Neutral,0,0.15651215426850246,27.149572827025697,1.2422683264545782,12.0,27.805748672060233,1.1836319607819832,0,2006.0,"{""type"":""MultiPoint"",""coordinates"":[]}"
25,Neutral,0,-0.3873683824683076,26.605690756329253,-0.6703441769469831,1.0,27.681084089403882,0.7045222853006652,0,2007.0,"{""type"":""MultiPoint"",""coordinates"":[]}"
26,La Nina,0,-0.6039101012135123,26.38924924703889,1.1783055099655706,8.0,27.17067345376477,0.010936145442257869,0,2008.0,"{""type"":""MultiPoint"",""coordinates"":[]}"
27,Neutral,0,0.4516210754515357,27.44468247141646,1.4595686465842097,12.0,28.324134968674198,1.781316339899393,2,2009.0,"{""type"":""MultiPoint"",""coordinates"":[]}"
28,Neutral,0,-0.23116397033254046,26.76190142303702,-1.8857911395027722,1.0,28.386908609514062,1.5002957816351281,1,2010.0,"{""type"":""MultiPoint"",""coordinates"":[]}"
29,La Nina,0,-0.663740594393862,26.32931743147657,1.401996327146426,7.0,27.474256466138442,-0.038548544082637734,0,2011.0,"{""type"":""MultiPoint"",""coordinates"":[]}"
30,Neutral,0,0.05667106651459359,27.049831339782997,1.1263109660978046,8.0,27.951490770014626,0.772018663232625,0,2012.0,"{""type"":""MultiPoint"",""coordinates"":[]}"
31,Neutral,0,-0.1554279013128562,26.83720942166306,0.3823782727534959,4.0,27.909075381641486,0.2535022589174448,0,2013.0,"{""type"":""MultiPoint"",""coordinates"":[]}"
32,Neutral,0,0.19870428806775897,27.1917658640853,1.2057842162343042,11.0,28.31661285021767,0.964965027922936,0,2014.0,"{""type"":""MultiPoint"",""coordinates"":[]}"
33,Strong El Nino,3,1.4583754113587322,28.451433622888132,0.7591351072751982,11.0,29.556241092840985,2.968292262377451,5,2015.0,"{""type"":""MultiPoint"",""coordinates"":[]}"
34,Neutral,2,0.45827816648896463,27.451436893635947,-2.2844392609580506,1.0,29.04523931421544,2.4577759318580186,3,2016.0,"{""type"":""MultiPoint"",""coordinates"":[]}"
35,Neutral,0,-0.015137457409295748,26.977926008864713,0.8962625545037175,6.0,28.28565921014585,0.5718433547080368,0,2017.0,"{""type"":""MultiPoint"",""coordinates"":[]}"
36,Neutral,0,0.15303903331539354,27.146099160805004,1.0838420467163652,11.0,27.846516095344356,1.0838861540554932,0,2018.0,"{""type"":""MultiPoint"",""coordinates"":[]}"
37,El Nino,0,0.6164876355645457,27.60955039814198,0.15127022458036965,3.0,28.618660971025932,1.0000772660675517,0,2019.0,"{""type"":""MultiPoint"",""coordinates"":[]}"
38,Neutral,0,-0.20801832832026276,26.785143286306933,-0.5744187084782989,4.0,28.20330930389446,0.5477439763440728,0,2020.0,"{""type"":""MultiPoint"",""coordinates"":[]}"
39,Neutral,0,-0.4777134897858956,26.515350769209636,1.1032269256285014,6.0,27.66036991991423,0.14032304849261648,0,2021.0,"{""type"":""MultiPoint"",""coordinates"":[]}"
40,La Nina,0,-0.7760371197931649,26.217021164722908,0.4033740722763077,6.0,27.035878621356353,-0.4841637267775637,0,2022.0,"{""type"":""MultiPoint"",""coordinates"":[]}"
41,El Nino,2,0.8959654208966454,27.88902699997368,1.823407641510581,11.0,28.696206098333395,2.1082627627348427,4,2023.0,"{""type"":""MultiPoint"",""coordinates"":[]}"
42,Neutral,0,0.4823211917999562,27.475478773041015,-1.3163759118012477,1.0,28.635587762561226,1.7337589239687665,1,2024.0,"{""type"":""MultiPoint"",""coordinates"":[]}"
43,Neutral,0,-0.23006077083117674,26.76305953749822,1.004316866707506,6.0,27.84235772247636,0.2047020672787595,0,2025.0,"{""type"":""MultiPoint"",""coordinates"":[]}"
